hotel_code,hotel_name,address,phone,rating,description,card_price,overview_table_json,pets_json,parking_json,amenities_json,nearby_json,airport_json,is_pet_friendly,last_updated
miaep,Kimpton EPIC Hotel,"270 Biscayne Boulevard Way
Miami, Florida 33131, United States",18005467866,4.14,"Why drive when you can sail? At Kimpton EPIC Hotel, Miami’s only downtown waterfront hotel with private dockside arrival, style always trumps convention. Live the good life right on Biscayne Bay, find some shade in a chic cabana at one of the two rooftop pools, or pull up a chair at one of the two savory, sultry restaurants. Kimpton EPIC Hotel is within a short stroll to downtown nightlife.
Read less",311 USD,,,"{""parking_info"": ""NESS\nART IN RESIDENCE\nPrivai Spa + Fitness\nPrivai Spa + Fitness provides members and guests with world-class experiences and beautifully formulated products for the mind, body and soul. With a full menu of innovative and restorative spa treatments and a state-of-the-art fitness center offering a variety of classes and programs, you will find just what you need to bring balance to your day.\nLearn more\nEnjoy these perks\nspa\n2 outdoor pools\n2 on-site restaurants\nfitness center\npet-friendly\non-site parking\nsmoke-free hotel\ndaily housekeeping\nEverything you need to know\nHotel details\nActivities\nFitness center\nParking and transportation\n\n\n\n\nPool\nServices\nSpa\nKimpton EPIC Hotel pet policy\nWe invite you to bring your pet no matter their size, weight, or breed, all at no extra charge. If your pet fits through the door, we will welcome them in.\nView pet policy\nView in other languages\nEnglish\nEnglish (GB)\n日本語\nDeutsch\n繁體中文\nEspañol\n中文\nFrançais\nEspañol (España)\nItaliano\nNederlands\nРусский\nPortuguês\n한국어\nไทย\nالعربية\nPortuguês (BR)\nBahasa Indonesia\nTürkçe\nPolski\nTiếng Việt\nHome\nExplore\nUnited States Florida Miami Kimpton Hotels EPIC Hotel Amenities\nSOCIAL MEDIA\nQUICK LINKS\nSpecial Offers\nLast Minut""}","[""spa"", ""2 outdoor pools"", ""2 on-site restaurants"", ""fitness center"", ""pet-friendly"", ""on-site parking"", ""smoke-free hotel"", ""daily housekeeping""]",,,true,2025-12-24T12:45:39.962898
miami,Holiday Inn Port Of Miami-Downtown,"340 Biscayne Boulevard
Miami, Florida 33132, United States",18884654329,3.76,"Port of Miami is the largest passenger port in the world, with thousands of cruise ship voyages departing and arriving throughout the year. If you’re about to embark on a cruise, chances are you’re going to be looking for a local hotel to begin or end your journey. Book our Sail Away package and get two free breakfasts and transport to your dock!",120 USD,,,"{""parking_info"": ""Skip To main content\n1 888 HOLIDAY (1 888 465 4329)\nChat with us\nEnglish\nMy stays\nJoin for free Sign in\nOffers\nRooms\nAmenities\nDining\nLocal Area\nGroups & Events\nPhotos\nVIEW PRICES\n1/5\nHOLIDAY INN PORT OF MIAMI-DOWNTOWN\nAMENITIES\nHotel features\nkids eat free\nfitness center\non-site parking\npet-friendly\n1 on-site restaurant\nsmoke-free hotel\nwi-fi\nAT THIS HOTEL\nHotel Details\nFitness Center\nParking and transportation\n\n\n\n\nServices\nHome\nExplore\nUnited States Florida Miami Holiday Inn Holiday Inn Port Of Miami-Downtown Amenities\nSOCIAL MEDIA\nCOMPANY\nAbout IHG\nIHG Careers\nIHG Global Brands\nHotel Development\nChat with us\nExplore Hotels\nTerms of Use\nAdChoices\nPrivacy and Cookie Center\nDo Not Sell or Share My Personal Information\nSite Map\nFeedback\nBook online or call:\n1 888 HOLIDAY (1 888 465 4329)\nDownload the IHG One Rewards app\nLearn more about fast booking and Rewards on the go\nTo ensure that we give you the best experience on our website, we use machine translation for port""}","[""kids eat free"", ""fitness center"", ""on-site parking"", ""pet-friendly"", ""1 on-site restaurant"", ""smoke-free hotel"", ""wi-fi""]",,,true,2025-12-24T12:46:23.702013
miami,InterContinental Miami,"100 Chopin Plaza
Miami, Florida 33131, United States",18884246835,4.45,"An iconic fixture on the downtown Miami skyline for 40 years, InterContinental Miami boasts a waterfront location on Biscayne Bay, steps away from arts & entertainment in Miami’s Brickell neighborhood. A beacon for both business and leisure travelers, the hotel rises 34 stories over the city with breathtaking views of the Atlantic Ocean, Biscayne Bay and the Port of Miami. Recently completed a $40 million renovation the hotel offers 652 rooms & suites with a Club InterContinental lounge.
Read less",243 USD,,,,"[""single-use plastic free hotel"", ""daily housekeeping"", ""ev chargers"", ""fitness center"", ""on-site parking"", ""pet-friendly"", ""pool"", ""3 on-site restaurants"", ""spa""]",,,true,2025-12-24T12:47:06.900220
miami,Hotel Indigo Miami Brickell,"145 SW 11th Street
Miami, Florida 33130, United States",18778463446,4.25,"Welcome to Hotel Indigo® Miami Brickell, a 4-star boutique hotel in the entertainment center of Miami. Set in the heart of Brickell, we’re steps from rooftop bars, luxury shops, and late-night restaurants at Brickell City Centre.
This is where locals gather and visitors become regulars. With the free Metromover just outside, you’re minutes from the Kaseya Center, Bayside Marketplace, and the Arsht Center. South Beach? It’s a quick hop on the Metrorail, no car needed.
Whether you’re here for a cruise, a business trip, or a weekend away for a girls or guys trip to Miami, our hotel near the Port of Miami puts you close to it all. Cool off in the outdoor pool, unwind at Mosaico Kitchen + Bar, or take care of business with flexible meeting space and high-speed Wi-Fi. Our Three Diamond-rated hotel offers valet parking, plush guest rooms, and a team that knows Brickell like the back of their hand. Stay with us and experience Miami through a stay that’s stylish, comfortable, and rooted in the neighborhood.
Read less",,,,"{""parking_info"": ""ee Sign in\nROOMS\nAMENITIES\nDINING\nLOCAL AREA\nGROUPS & EVENTS\nOFFERS\nGALLERY\nVIEW PRICES\n1/9\nHOTEL INDIGO MIAMI BRICKELL\nAMENITIES\nSoak up skyline views from the rooftop pool, break a sweat in the 24-hour gym, and sip something local at our on-site restaurant. With free Wi-Fi and pet-friendly rooms, Hotel Indigo Miami Brickell gives you upscale comfort with neighborhood charm.\nFeatured amenities\ndaily housekeeping\nfitness center\npet-friendly\npool\n1 on-site restaurant\nsmoke-free hotel\nwi-fi\nValet Parking\nHotel Indigo Miami Brickell offers convenient valet parking in a covered garage for guests at $40 per night with in-and-out privileges for the duration of your stay.\nPackage Handling\nWe’re happy to help with your packages! Standard-sized deliveries are $5 each, while oversized or extra-large packages are $10 each. To keep things smooth, please have your packages arrive no more than 3 days before you check in, clearly labeled with your full name and arrival date. Heads up—we can’t accept packages needing a delivery code, and while we do our best, we aren’t responsible for lost or damaged items. \nFitness Center\nLocated on the sixth floor. We offer a 24-hour Fitness Center featuring the""}","[""daily housekeeping"", ""fitness center"", ""pet-friendly"", ""pool"", ""1 on-site restaurant"", ""smoke-free hotel"", ""wi-fi""]",,,true,2025-12-24T12:47:21.785497
miami,Atwell Suites Miami Brickell,"145 SW 11th Street
Miami, Florida 33130, United States",8334289355,4.13,"Nestled in the chic Brickell neighborhood near Port of Miami, Atwell Suites Miami Brickell is a 4-star hotel offering an unparalleled experience, close to beautiful beaches & top attractions. Discover trendy rooftop restaurants & bars. Shop upscale boutiques in Brickell City Centre. Enjoy live music at Bayside Marketplace on Biscayne Bay & soak up the sun at Miami's iconic South Beach. We share a building with Hotel Indigo Miami Brickell so when you stay, you can also enjoy their restaurant & bar, and shared premium amenities without the fees like the rooftop pool, fitness center, and meeting spaces.
Visit the Perez Art Museum, explore the vibrant culture of Little Havana, or catch an exciting Miami Marlins game at LoanDepot Park. We also proudly welcome all AAA & CAA members to stay with us at our Three Diamond-rated hotel & explore all Miami has to offer. Balance work & play in our spacious, pet-friendly suites that all have standing desks and walk-out balconies. Collaborate in our shared workspaces & bookable boardroom, The Study, with panoramic views. Satiate anytime cravings at our 24/7 Market & Beverage Station, and enjoy our paid bar with cocktails & shareable small plates. For an authentic taste of Miami, dine at Mosaico Kitchen & Bar located in our shared space with Hotel Indigo. From free breakfast to rooftop pool & fitness studio, indulge in the perfect blend of comfort & convenience at Atwell Suites Miami Brickell, where your Miami adventure awaits!
Read less",242 USD,,,"{""parking_info"": ""Skip To main content\n833 428 9355\nChat with us\nEnglish\nMy stays\nJoin for free Sign in\nSuites\nAmenities\nDining\nLocal Area\nEvents\nOffers\nGallery\nView prices\n1/4\nATWELL SUITES MIAMI BRICKELL\nAMENITIES\nHOTEL FEATURES\nfree breakfast\nfitness center\non-site parking\npet-friendly\npool\n1 on-site restaurant\nsmoke-free hotel\nwi-fi\nMosaico Kitchen + Bar\nLocated in the vibrant and trendy neighborhood of Brickell, Chef Andres Revoredo’s Mosaico Kitchen + Bar offers an authentic and unique taste of Miami. The menu blends bold and unique flavors, offering shared plates such as savory ceviche, fresh seafood, flavorful pasta, and more. Pick from an extensive selection of wine, beer, and specialty seasonal cocktails to complement your meal. Experience a dining experience that matches the soul of Miami in the heart of Miami.\nLearn more\nEXCEPTIONAL SHARED SPACES\nOutdoor Heated Pool\nNeed a way to release the tension of the day or hang out with your crew? Come ""}","[""free breakfast"", ""fitness center"", ""on-site parking"", ""pet-friendly"", ""pool"", ""1 on-site restaurant"", ""smoke-free hotel"", ""wi-fi""]",,,true,2025-12-24T12:47:53.697366
miapa,Kimpton Hotel Palomar South Beach,"1750 Alton Road
Miami Beach, Florida 33139, United States",18005467866,4.34,"Sunset Harbour is Miami’s most vibrant and most walkable neighborhood thanks to the introduction of specialty restaurants, boutiques, coffee shops, and an array of amenities that cover every need. It has inspired breakthrough companies to establish shops and turn the neighborhood into a must-visit destination for locals and tourists alike. The Kimpton Palomar is perfectly situated, at the most desirable junction of Lincoln Road, to be the refined gateway to this neighborhood and just steps away from Bay Biscayne with a distinctly quiet confidence of those who arrived.
Read less",213 USD,,,"{""parking_info"": ""HOTEL PALOMAR SOUTH BEACH\nAmenities\nThe highlights\nROOFTOP POOL\nWELLNESS\nACTIVITIES\nRESIDENT REIKI\nRooftop Pool\nLinger poolside, dipping your toes into the still surface of the water, or settling back in an oversized lounge chair, cocktail in hand. Beyond the pool are multiple tiers, each offering comfortable seating areas for unwinding with friends and taking in the panoramic views of Miami’s skyline and waterways.\nLearn more\nEnjoy these perks\n1 outdoor pool\nfitness center\npet-friendly\non-site parking\nsmoke-free hotel\nEverything you need to know\nHotel details\nActivities\nFitness center\nParking and transportation\n\n\nPool\nServices\nKimpton Hotel Palomar South Beach pet policy\nWe invite you to bring your pet no matter their size, weight, or breed, all at no extra charge. If your pet fits through the door, we will welcome them in.\nView pet policy\nView in other languages\nEnglish\nEnglish (GB)\n日本語\nDeutsch\n繁體中文\nEspañol\n中文\nFrançais\nEspañol (España)\nItaliano\nNederlands\nРусский\nPortuguês\n한국어\nไทย\nالعربية\nPortuguês (BR)\nBahasa Indonesia\nTürkçe\nPolski\nTiếng Việt\nHome\nExplore\nUnited States Florida Miami Kimpton Hotels Hotel Palomar South Beach Amenities\nSOCIAL MEDIA\nQUICK LINKS\nSpecial Offers\nLast ""}","[""1 outdoor pool"", ""fitness center"", ""pet-friendly"", ""on-site parking"", ""smoke-free hotel""]",,,true,2025-12-24T12:48:26.059973
miaag,Kimpton Angler's Hotel South Beach,"660 Washington Ave
Miami Beach, Florida 33139, United States",18005467866,4.05,"Located two blocks from Ocean Drive, our 132 spacious accommodations and suites are larger than average on South Beach. Paired with upscale amenities like wet bars, balconies, and a rooftop pool, it’s your sanctuary from the hustle and bustle of South Beach. When you’re ready to explore the nearby restaurants and boutiques, our concierge shares the latest and greatest. Reserve your spot at El Patio, our Spanish and Mediterranean restaurant featuring locally sourced ingredients that joyfully celebrates the rich culinary traditions of the Mediterranean.
Read less",209 USD,,,"{""parking_info"": ""ACH\nAmenities\nThe highlights\nROOFTOP + GROUND LEVEL POOLS\nK'ALMA SPA\nANGLER'S REEF\nART IN RESIDENCE\nRooftop + Ground Level Pools\nPoised atop our new five-story tower, with lounge chairs, sunning beds, palm trees — and that clear-blue Miami sky stretched out above you is our rooftop pool. Poolside spa services and hand-crafted cocktails are available at your whim while you soak up the Florida sun.\nLearn more\nEnjoy these perks\n2 outdoor pools\n3 on-site restaurants\npet-friendly\nev chargers\non-site parking\nsmoke-free hotel\nEverything you need to know\nHotel details\nActivities\nParking and transportation\n\n\n\n\nPool\nServices\nKimpton Angler's Hotel South Beach pet policy\nWe invite you to bring your pet no matter their size, weight, or breed, all at no extra charge. If your pet fits through the door, we will welcome them in.\nView pet policy\nView in other languages\nEnglish\nEnglish (GB)\n日本語\nDeutsch\n繁體中文\nEspañol\n中文\nFrançais\nEspañol (España)\nItaliano\nNederlands\nРусский\nPortuguês\n한국어\nไทย\nالعربية\nPortuguês (BR)\nBahasa Indonesia\nTürkçe\nPolski\nTiếng Việt\nHome\nExplore\nUnited States Florida Miami Kimpton Hotels Angler's Hotel South Beach Amenities\nSOCIAL MEDIA\nQUICK LINKS\nSpecial Offers\nLast Minute Deal""}","[""2 outdoor pools"", ""3 on-site restaurants"", ""pet-friendly"", ""ev chargers"", ""on-site parking"", ""smoke-free hotel""]",,,true,2025-12-24T12:48:59.533224
miami,EVEN Hotel Miami - Airport,"3499 N.W. 25th Street
Miami, Florida 33142, United States",18558793836,4.05,"Welcome to EVEN Hotel Miami – Airport, where comfort meets convenience in the heart of Miami. Our Miami Airport hotel is perfectly positioned near Miami International Airport and PortMiami, making it easy for you to experience the very best of Miami, Florida.
Whether you’re visiting for business or leisure, explore Miami with ease. Explore local favorites such as Hard Rock Stadium, Magic City Casino, and LoanDepot Park. Immerse yourself in world-class shopping at Bayside Marketplace, Brickell City Centre, and Dolphin Mall. Business travelers will appreciate being near Florida International University, Carnival Cruise Line, and Lennar Corporation. At EVEN Hotel Miami – Airport, you’re never far from where you need to be.
Relax in our thoughtfully designed guestrooms, featuring free Wi-Fi, plush bedding, and modern bathrooms. Enjoy a delicious meal at EVEN Kitchen & Bar or pick up snacks and essentials from our 24/7 market. Take advantage of our state-of-the-art fitness center or simply unwind in your comfortable room after a day of adventure. At EVEN Hotel Miami – Airport, we’re dedicated to providing a quality stay with all the modern conveniences you expect. We look forward to welcoming you and making your visit to Miami exceptional!
Read less",132 USD,,,"{""parking_info"": ""ee Airport Shuttle for Guests\nEVEN Hotel Miami - Airport offers a free airport shuttle service to and from MIA for guests. The shuttle runs 24/7 and departs every 30 minutes, ensuring that guests can easily make their flights or arrive at the hotel without delay. The shuttle drops off guests at the Departures Level on the 2nd floor of MIA. Track the status of your shuttle at the link below.\nView Shuttle Transportation Map\nHotel features\nairport shuttle\nweekly housekeeping\nfitness center\non-site parking\npet-friendly\npool\n1 on-site restaurant\nsmoke-free hotel\nwi-fi\nAt this hotel\nHotel details\nFitness center\nParking and transportation\n\n\n\n\n\n\n\n\nPool\nServices\nView in other languages\nEnglish\nEnglish (GB)\n日本語\nDeutsch\n繁體中文\nEspañol\n中文\nFrançais\nEspañol (España)\nItaliano\nNederlands\nРусский\nPortuguês\n한국어\nไทย\nالعربية\nPortuguês (BR)\nBahasa Indonesia\nTürkçe\nPolski\nTiếng Việt\nHome\nExplore\nUnited States Florida Miami Even Even Hotels Miami - Airport Amenities\nSOCIAL MEDIA\nCOMPANY\nAbout IHG\nIHG Careers\nIHG Global Brands\nHotel Development\nChat with us\nTravel Advisory\nTerms of Use\nPrivacy and Cookie Center\nDo Not Sell or Share My Personal Information\nAdChoices\nSite Map\nCookie Usage\nFeedback\nBook online""}","[""airport shuttle"", ""fitness center"", ""on-site parking"", ""pet-friendly"", ""pool"", ""1 on-site restaurant"", ""smoke-free hotel"", ""wi-fi""]",,"[""The highlights"", ""Home For The Holidays"", ""Stay And Shop – Your Perfect Getaway"", ""Tranquil Resort Style Pool"", ""Free Airport Shuttle"", ""Bring Your Pet To Miami"", ""Home for the Holidays"", ""Spending the holidays in Miami? Make our hotel near Miami International Airport your home base. With easy access to Dolphin Mall and Coral Gables just minutes away, enjoy the holiday shopping, festive lights, seasonal flavors, plus on-site dining and carefully curated amenities that make your stay even more relaxing.""]",true,2025-12-24T12:49:33.472213
brkbs,,,18882770741,,"Iberostar Waves Berkeley Shore immerses you in the classic 1940s style in the vibrant heart of Miami. Get ready to enjoy an unforgettable experience, whether as a couple or with family! Its iconic Art Deco building places you right in the center of South Beach, surrounded by shopping areas and the city's most famous and lively clubs. Start your day on the beach or take a stroll along Ocean Drive, where you'll find activities for all tastes and ages. Relax by the rooftop pool or on the sun deck, enjoying a cocktail while taking in the views of the famous Collins Avenue, all while we take care of making your stay perfect. The only thing you need to do is relax and immerse yourself in the fun of Miami Beach.
Read less",,,,"{""parking_info"": ""ol With Views Of Miami\nGym Open 24/7\nIn your hotel in Miami, a gym is a must! We have a fitness room equipped with treadmills, bikes, weights, and everything you need to keep up with your workout routine while enjoying your vacation. It’s available 24 hours a day! Please remember that it’s for guests aged 16 and older.\nHotel features\nresponsible consumption of seafood\nsingle-use plastic free hotel\nfitness center\n1 on-site restaurant\n1 on-site bar\nwi-fi\nAt this hotel\nHotel details\nFitness center\nParking and transportation\nPool\nView in other languages\nEnglish\nEnglish (GB)\n日本語\nDeutsch\n繁體中文\nEspañol\n中文\nFrançais\nEspañol (España)\nItaliano\nNederlands\nРусский\nPortuguês\n한국어\nไทย\nالعربية\nPortuguês (BR)\nBahasa Indonesia\nTürkçe\nPolski\nTiếng Việt\nHome\nExplore\nUnited States Florida Miami Beach Iberostar Waves Iberostar Waves Berkeley Shore Amenities\nSOCIAL MEDIA\nCOMPANY\nIHG Careers\nExplore Hotels\nIHG Global Brands\nHotel Development\nTravel Professionals\nAffiliate Programme\nIHG Agent\nChat with us\nIHG Business Rewards\nEmail Management\nIHG Army Hotels\nTravel Advisory\nMember Materials\nIHG Corporate\nMember Terms and Conditions\nAdChoices\nTerms of Use\nPrivacy and Cookie Center\nDo Not Sell or Share My Pers""}","[""responsible consumption of seafood"", ""single-use plastic free hotel"", ""fitness center"", ""1 on-site restaurant"", ""1 on-site bar"", ""wi-fi""]",,,false,2025-12-24T12:50:06.429228
miami,Staybridge Suites Miami International Airport,"3651 NW 25th Street
Miami, Florida 33142, United States",18772388889,4.30,"All-Suite Hotel with Free Shuttle to Miami Airport
The team at Staybridge Suites® Miami International Airport is committed to providing a hospitable experience for your next visit to Miami. You’ll appreciate our convenient location minutes from Miami Airport with free shuttle service to Miami International Airport 7am to 11pm daily. Please call hotel for details at 786 629 1413. Minutes from Miami Car Rental Center serving the airport and downtown Miami, and the new Miami Freedom Park. Soak up the sun at South Beach, experience the hottest clubs in downtown Miami or cheer on your favorite team at the Hard Rock Stadium or Marlins Park. Explore the picturesque Coral Gables or cool down with a visit to the Venetian Pool. University of Miami, Cruise Port Miami, U-Health, Freedom Park (coming soon), University of Miami’s Health Complex are just minutes away from our front door.
After an adventurous day exploring Miami, don’t let the fun stop! Experience a getaway like no other with an outdoor oasis complete with a pool, lounge chairs and fire pit. The highlight of our lobby is the full bar where you can grab a crafted cocktail, temporarily available on select days. Free breakfast buffet is offered daily. Families and extended stay travelers love our spacious suites with fully equipped kitchens, free Wi-Fi, sofa beds and more. Guest laundry and a modern fitness center are always available for free.
Read Less",123 USD,,,,"[""Parking"", ""Pet Friendly"", ""Pool"", ""Fitness Center"", ""Wi-Fi Included"", ""Meeting Facilities""]",,"[""1 877 238 8889"", ""Chat with us"", ""English"", ""My stays"", ""Join for free Sign in"", ""AMENITIES"", ""LOCAL AREA"", ""GROUPS & EVENTS"", ""PHOTOS"", ""OFFERS"", ""VIEW PRICES"", ""STAYBRIDGE SUITES MIAMI INTERNATIONAL AIRPORT"", ""AMENITIES"", ""Previous"", ""Grill up some burgers and hot dogs on our outdoor BBQ grill."", ""Next"", ""Fitness Center"", ""Treadmill, Cross-trainer, Bike, and Dumbbell set from 5lb to 50lbs, bench and adjustable pulley. Wipes, Towels, TV and water fountain. View to our outdoor pool area. Located on the first floor. 24 hours access"", """", ""Social Hour"", ""Join us for a variety of free appetizers and drinks at our happy hour."", ""5:30 PM - 6:30 PM"", ""Monday,Tuesday and Wednesday"", ""Complimentary Breakfast"", ""Additional Amenities & Services"", ""BUSINESS SERVICES"", ""On-Site Business Center"", ""Business Center is open 24 hours a day"", ""Business Services are available"", ""Copying"", ""Office supplies available"", ""Printer"", ""Scanner"", ""HOUSEKEEPING & LAUNDRY"", ""On-si""]",true,2025-12-24T12:50:54.580790
miawm,,,18882770741,,"Welcome to this hotel in the iconic Art Deco district of South Beach, with Mediterranean-inspired architecture, a unique facade, and arches that frame a charming inner courtyard. It is located near the best entertainment for couples and families looking to explore the city and its beaches, and also close to the Miami Convention Center, making it ideal for those traveling for business who want to combine work and leisure. With 80 rooms decorated by talented local artists, some of which feature a terrace so you can soak in the vibrant atmosphere of the city. Would you like to have a picnic on the beach? The hotel has a reserved area, perfect for enjoying with the kids or for a romantic day.
Read less",,,,"{""parking_info"": ""S\nLOCAL AREA\nOFFERS\nGALLERY\nVIEW PRICES\nIBEROSTAR WAVES MIAMI BEACH\nAmenities\nThe pinnacle of resort living in Miami Beach\nA Refreshing Dip In Miami Beach\nA refreshing dip in Miami Beach\nTake a dip in the pool after an unforgettable day in the heart of Miami Beach, and relax in the sun deck with your favorite drink, surrounded by the best art deco.\nHotel features\nresponsible consumption of seafood\nsingle-use plastic free hotel\n1 on-site restaurant\n1 on-site bar\nwi-fi\nAt this hotel\nHotel details\nParking and transportation\nPool\nView in other languages\nEnglish\nEnglish (GB)\n日本語\nDeutsch\n繁體中文\nEspañol\n中文\nFrançais\nEspañol (España)\nItaliano\nNederlands\nРусский\nPortuguês\n한국어\nไทย\nالعربية\nPortuguês (BR)\nBahasa Indonesia\nTürkçe\nPolski\nTiếng Việt\nHome\nExplore\nUnited States Florida Miami Beach Iberostar Waves Iberostar Waves Miami Beach Amenities\nSOCIAL MEDIA\nCOMPANY\nIHG Careers\nExplore Hotels\nIHG Global Brands\nHotel Development\nTravel Professionals\nAffiliate Programme\nIHG Agent\nChat with us\nIHG Business Rewards\nEmail Management\nIHG Army Hotels\nTravel Advisory\nMember Materials\nIHG Corporate\nMember Terms and Conditions\nAdChoices\nTerms of Use\nPrivacy and Cookie Center\nDo Not Sell or Share My Persona""}","[""responsible consumption of seafood"", ""single-use plastic free hotel"", ""1 on-site restaurant"", ""1 on-site bar"", ""wi-fi""]",,,false,2025-12-24T12:51:21.727783
miass,Kimpton Surfcomber Hotel,"1717 Collins Ave
Miami Beach, Florida 33139, United States",18005467866,4.02,"As part of the candy-colored historic Art Deco District, Kimpton Surfcomber Hotel welcomes you to the sea-and-be-seen revelry of Miami’s South Beach. Famed nightlife, shops, cafes and galleries are a stroll away. But even without leaving the hotel you can soak up the fun with Kimpton Surfcomber’s playful “Daylife.” Think ice cream sundaes by our glorious pool, bocce ball tournaments at a private sandy oasis and beach side food and beverage service on the beach. Some say we’re the most social hotel around. To that we say, SoBe it.
Read less",291 USD,,,"{""parking_info"": ""HFRONT SERVICES\nPOOL + CABANA\nINDOOR K'ALMA SPA CABANA\nBeachfront Services\nThere’s nothing like the lure of alabaster sands and the lull of the Atlantic. Want to stay all day, gazing at the ocean, basking in the sun? We’ll set you up with a plush beach chair, fresh towels, shady umbrella, lunch and cocktails. We can even arrange for a seaside Cafecito Massage. So leave your watch at home and linger.\nLearn more\nEnjoy these perks\nspa\nbeach\n1 outdoor pool\n2 on-site restaurants\npet-friendly\non-site parking\nsmoke-free hotel\ndaily housekeeping\nEverything you need to know\nHotel details\nActivities\nBeach\nFitness center\nParking and transportation\n\n\n\n\nPool\nServices\nSpa\nKimpton Surfcomber Hotel pet policy\nWe invite you to bring your pet no matter their size, weight, or breed, all at no extra charge. If your pet fits through the door, we will welcome them in.\nView pet policy\nView in other languages\nEnglish\nEnglish (GB)\n日本語\nDeutsch\n繁體中文\nEspañol\n中文\nFrançais\nEspañol (España)\nItaliano\nNederlands\nРусский\nPortuguês\n한국어\nไทย\nالعربية\nPortuguês (BR)\nBahasa Indonesia\nTürkçe\nPolski\nTiếng Việt\nHome\nExplore\nUnited States Florida Miami Kimpton Hotels Surfcomber Hotel Amenities\nSOCIAL MEDIA\nQUICK LINKS\nSpecial""}","[""spa"", ""beach"", ""1 outdoor pool"", ""2 on-site restaurants"", ""pet-friendly"", ""on-site parking"", ""smoke-free hotel"", ""daily housekeeping""]",,,true,2025-12-24T12:51:44.093188
miami,Holiday Inn Express & Suites Miami Airport East,"2601 NW 42nd Avenue
Miami, Florida 33142, United States",18884654329,4.15,"Welcome to Holiday Inn Express & Suites Miami Airport East! where modern luxury meets Miami flair!
With our ""Formula Blue"" standard, experience boutique-style accommodation in the heart of the city. Conveniently located near major attractions, universities, and the airport, our smoke-free rooms offer 42"" LED HDTVs, microwaves, and refrigerators. Start your day with our Express Start™ Breakfast Bar, then enjoy free Wi-Fi, local calls, and access to our 24-hour Business Center, Fitness Center, outdoor pool, and hot tub. With 1620 sq ft of meeting space, we have everything you need for a comfortable and productive stay.
Read less",132 USD,,,,"[""kids eat free"", ""airport shuttle"", ""free breakfast"", ""fitness center"", ""on-site parking"", ""pet-friendly"", ""pool"", ""smoke-free hotel"", ""wi-fi""]",,,true,2025-12-24T12:52:26.579155
miaia,,,18884654329,,"Welcome to Holiday Inn Miami-International Airport, the perfect choice for travelers seeking comfort, convenience, and a true taste of Miami. Whether you’re here for business, leisure, or a little of both, our hotel near Miami International Airport makes every step of your journey smoother and brighter.
Arriving is easy with our complimentary 24-hour shuttle service to and from Miami International Airport, running every 30 minutes. Planning a cruise? We also offer scheduled transportation to the Port of Miami for a small fee, making us a favorite Cruise Port Hotel in Miami, Florida. From the moment you check in, you’ll discover thoughtful touches that take the stress out of travel.
Business guests will find themselves near major companies and appreciate amenities like free Wi-Fi, a 24-hour Business Center, and 2,427 square feet of flexible meeting space with skyline views. When it’s time to unwind, enjoy our outdoor pool, stay active in the fitness center, or head to the 9th floor to dine at El Mirador Restaurant or sip cocktails at Vista Lounge.
Our central location puts the best of Miami within easy reach. From the sandy shores of South Beach and the colorful murals of Wynwood to the vibrant streets of Little Havana and the energy of Downtown, unforgettable adventures are just minutes away. At Holiday Inn Miami-International Airport, every stay combines relaxation, convenience, and a welcoming spirit that makes you feel right at home.
Read less",,,,"{""parking_info"": ""he highlights\n24/7 Free Airport Shuttle\nSunshine & Splash\n24/7 Free Airport Shuttle\nFlying into Miami at midnight or heading out before dawn? Our complimentary airport shuttle runs every 30 minutes, 24 hours a day, so you never have to worry about getting to or from the airport. Just minutes from the terminals, Holiday Inn Miami-International Airport delivers a quick, friendly, and reliable ride whenever you need it.\nLearn more\nHotel features\nkids eat free\nairport shuttle\nfitness center\non-site parking\npool\n1 on-site restaurant\nsmoke-free hotel\nwi-fi\nAT THIS HOTEL\nHotel Details\nFitness Center\nGolf\n\n\n\nParking and transportation\n\n\n\n\n\n\nPool\nServices\nHome\nExplore\nUnited States Florida Miami Springs Holiday Inn Holiday Inn Miami-International Airport Amenities\nSOCIAL MEDIA\nCOMPANY\nAbout IHG\nIHG Careers\nIHG Global Brands\nHotel Development\nChat with us\nExplore Hotels\nTerms of Use\nAdChoices\nPrivacy and Cookie Center\nDo Not Sell or Share My Personal Information\nSite Map\nFeedback\nBook online or call:\n1 888 HOLIDAY (1 888 465 4329)\nDownload the IHG One Rewards app\nLearn more about fast booking and Rewards on the go\nTo ensure that we give you the best experience on our website, we use machine ""}","[""kids eat free"", ""airport shuttle"", ""fitness center"", ""on-site parking"", ""pool"", ""1 on-site restaurant"", ""smoke-free hotel"", ""wi-fi""]",,"[""The highlights"", ""24/7 Free Airport Shuttle"", ""Sunshine & Splash"", ""24/7 Free Airport Shuttle"", ""Flying into Miami at midnight or heading out before dawn? Our complimentary airport shuttle runs every 30 minutes, 24 hours a day, so you never have to worry about getting to or from the airport. Just minutes from the terminals, Holiday Inn Miami-International Airport delivers a quick, friendly, and reliable ride whenever you need it."", ""Learn more""]",false,2025-12-24T12:52:37.091995
miavi,Circa 39 Hotel,"3900 Collins Ave
Miami Beach, Florida 33140, United States",8773336517,,"Unpretentious in nature, Circa 39 offers an eclectic and inviting beachside boutique hotel on Collins Avenue, Miami Beach. With vibrant décor and a welcoming atmosphere, we invite you to leave behind the familiar and embrace the best of Miami, from sun-kissed shores to the artistic vibes of Wynwood, the energy of Brickell, and beyond. South Beach's colorful, multicultural charm and Miami's diverse spirit make this the perfect haven for wanderers seeking style, character, and exploration. Guests of the resort have included access to two beach chairs, beach umbrella and towels, one hour bike rental, Wireless internet access (via your laptop or mobile device), and fitness center.
Read less",158 USD,,,"{""parking_info"": ""nvite you to leave behind the familiar and embrace the best of Miami, from sun-kissed shores to the artistic vibes of Wynwood, the energy of Br... Read more\nfitness center\npet-friendly\npool\n2 on-site restaurants\nsmoke-free hotel\nwi-fi\nView all amenities\nAccommodations\nStandard Rooms\nselect dates\nDeluxe Rooms\nselect dates\nStandard Rooms\nselect dates\n1/2\n1/31\nReservations: 877 333 6517\nFront desk: 1-305-5384900\nEmail: frontdesk@circa39.com\n3900 Collins Ave Miami Beach, Florida 33140 United States\nParking and transportation details\nCheck-in: 4:00 PM\nCheck-out: 11:00 AM\nMinimum check-in age: 21\nThe highlights\nWUNDERGARDEN\nWUNDERBAR\nTIKI FISH N BURGERS\nWunderGarden\nWunderGarden is our mid-beach hideaway. Located in the heart of our hotel, this secret garden offers a Bohemian vibe that will instantly make you feel as if you’re a world away. Savor the laid-back atmosphere of rum parties, yoga sessions, and live music in this tropical-themed courtyard. The garden is also available for private social events.\nDiscover Circa 39 Hotel\nElevate your experience\nView amenities\nSip. Savor. Repeat.\nView dining\nSee it to believe it\nView gallery\nLive like a local\nView local area\nHotel packages and pro""}","[""fitness center"", ""pet-friendly"", ""pool"", ""2 on-site restaurants"", ""smoke-free hotel"", ""wi-fi""]",,,true,2025-12-24T12:53:01.296723
miamb,,,18884654329,,"Miami Beach Oceanfront Hotel with Premium Location
Welcome to the tropically inspired Holiday Inn Miami Beach - Oceanfront hotel, where our 1950's Miami Modern (MiMo) exterior blends seamlessly with vibrant contemporary South Beach style to wrap you in modern comfort. Eleven miles east of Miami International Airport (MIA), our Miami Beach oceanfront hotel is located where I-195 meets A1A at the Atlantic Ocean.
Our oceanfront Miami Beach hotel offers you an unparalleled location, right off Collins Avenue and just two miles from South Beach; home of the best clubs, dining, and shopping. With the Miami Beach beachwalk at your doorstep, take a moonlit stroll on the beach by night, play in the surf by day or simply relax by our large pool overlooking the beach and our lush, tropical garden with its hammock oasis. Be sure to grab a mojito and a delicious meal at our Paradise Café and Blue Parrot Bar.
You will appreciate the close proximity of our hotel to the Miami Beach Convention Center and Lincoln Road shopping, just two miles away. Don’t miss the opportunity to take in the art and culture that make Miami Beach such a popular destination. The Art Deco district, Miami Children’s Museum, Holocaust Memorial, Phillip and Patricia Frost Museum of Science, and the Bass Museum of Art are within a short drive of our hotel. Ask about area transportation via the free Miami Beach Trolley.
Read less",,,,"{""parking_info"": ""CES\n1/13\nHOLIDAY INN MIAMI BEACH-OCEANFRONT\nAMENITIES\nThe highlights\nWhere The Beach Is Your Backyard\nWhere the beach is your backyard\nAt our beachfront hotel, the beach isn’t just nearby—it’s your backyard! Roll out of bed and onto the sand, soak up sunrise views, and let the waves set the vibe for your day. From sandy toes to ocean breezes, every moment here feels like a carefree, sun-soaked escape made just for fun.\nHotel features\nkids eat free\nbeach\ndaily housekeeping\nfitness center\non-site parking\npool\nsmoke-free hotel\nwi-fi\nAT THIS HOTEL\nHotel Details\nFitness Center\nGolf\n\n\nParking and transportation\n\n\n\n\nPool\nServices\nHome\nExplore\nUnited States Florida Miami Beach Holiday Inn Holiday Inn Miami Beach-Oceanfront Amenities\nSOCIAL MEDIA\nCOMPANY\nAbout IHG\nIHG Careers\nIHG Global Brands\nHotel Development\nChat with us\nExplore Hotels\nTerms of Use\nAdChoices\nPrivacy and Cookie Center\nDo Not Sell or Share My Personal Information\nSite Map\nFeedback\nBook online or call:\n1 888 HOLIDAY (1 888 465 4329)\nDownload the IHG One Rewards app\nLearn more about fast booking and Rewards on the go\nTo ensure that we give you the best experience on our website, we use machine translation for portions of the""}","[""kids eat free"", ""beach"", ""daily housekeeping"", ""fitness center"", ""on-site parking"", ""pool"", ""smoke-free hotel"", ""wi-fi""]","[""The highlights"", ""Where The Beach Is Your Backyard"", ""Where the beach is your backyard"", ""At our beachfront hotel, the beach isn’t just nearby—it’s your backyard! Roll out of bed and onto the sand, soak up sunrise views, and let the waves set the vibe for your day. From sandy toes to ocean breezes, every moment here feels like a carefree, sun-soaked escape made just for fun.""]",,false,2025-12-24T12:54:24.781945
vgccw,Candlewood Suites Miami Intl Airport - 36th St,"5911 NW 36th Street
Miami, Florida 33166, United States",18772263539,4.62,"Introducing Candlewood Suites Miami International Airport 36th Street—a haven of comfort and convenience near Miami International Airport. With 130 fully equipped studios featuring kitchens, our hotel offers the perfect blend of functionality and relaxation. Conveniently located just 8 minutes from the airport, we provide complimentary shuttle service to and from Miami International Airport for seamless travel. And with the vibrant City of Doral a mere 9 minutes away, guests have easy access to dining, shopping, and entertainment options. Whether you're here for business or leisure, our hotel has you covered. Enjoy complimentary Wi-Fi, spacious workstations, and a 24-hour gym to stay connected and fit during your stay. Plus, unwind by the outdoor pool or take advantage of free parking and laundry facilities for added convenience. With major expressways like 826 and 112 nearby, exploring Downtown Miami and Miami Beach is a breeze. From catching a game at Hard Rock Stadium to experiencing the vibrant nightlife, there's something for everyone to enjoy. Welcome to your home away from home at Candlewood Suites Miami International Airport 36th Street—where comfort meets convenience in the heart of Miami.
Read less",111 USD,,,,"[""airport shuttle"", ""limited housekeeping"", ""fitness center"", ""full kitchen"", ""on-site parking"", ""pet-friendly"", ""pool"", ""smoke-free hotel"", ""wi-fi""]",,,true,2025-12-24T12:54:48.280237
miami,Holiday Inn Express Miami Airport-Blue Lagoon Area,"6750 NW 7th Street
Miami, Florida 33126, United States",18884654329,4.47,"A brand-new hotel located 15 minutes from everywhere you want to be! Our central location at the southeast corner of the Dolphin and Palmetto Expressway and 826 and 836 Freeways puts you just minutes from Coral Gables, Coconut Grove and downtown Miami. It’s also an easy drive to the University of Miami, Doral Country Club, American Airlines Arena and several nearby beaches, as well as shopping at the nearby Miami International Mall, Mall of the Americas and Dolphin Mall.
At our hotel, waterfront views are just steps from your room as the outdoor patio and pool overlook Lake Mahar. Our state of the art fitness center provides everything you need to stay healthy on the road. When you’re ready to recharge, retreat to your spacious guest room with a living room that can be used as a separate workspace area.
Read less",142 USD,,,,"[""airport shuttle"", ""free breakfast"", ""daily housekeeping"", ""fitness center"", ""on-site parking"", ""pet-friendly"", ""pool"", ""smoke-free hotel"", ""wi-fi""]",,,true,2025-12-24T12:54:59.249990
miami,,,18884654329,,"At the Holiday Inn Express Miami Airport Doral Area hotel you'll find the comfort and convenience you need, located in the great city of Doral, well known for shopping and golf. The central location makes it convenient for leisure and business travelers to interact with both attractions and businesses in Miami.
For business travelers our hotel offers 24-hour business center and free Wi-Fi throughout the hotel, making it easy for you to catch up on work. Leisure guests can experience the magic of our coast by catching some sun at South Beach or by taking a moonlit walk on Miami Beach. You can attend an exciting Miami Marlins Baseball game at Marlins Park, Dolphin Mall, and University of Miami or Dolphins football games at Hard Rock Stadium.
Just 14 miles from downtown Miami, Port of Miami and Amtrak, we are situated off the Florida Turnpike, I-95, I-75, 836-Dolphin Expressway and 826-Palmetto Expressway. Start your extraordinary day off by stopping by our Express Start breakfast bar. “Stay Smart” when you stay with us!
Read less",,,,,"[""kids eat free"", ""airport shuttle"", ""free breakfast"", ""daily housekeeping"", ""fitness center"", ""on-site parking"", ""pool"", ""smoke-free hotel"", ""wi-fi""]",,,false,2025-12-24T12:55:10.415912
doral,,,18884246835,,"Experience refined luxury at InterContinental at Doral Miami, where sophisticated accommodations meet the vibrant energy of South Florida. Just minutes from Miami International Airport, downtown Doral, and premier shopping destinations like Dolphin Mall, Brickell Miami, Wynwood, Miami Beach, and CityPlace, our hotel is your gateway to a seamless stay. Indulge in the bold flavors of Latin fusion cuisine at Blue Matisse or unwind with handcrafted cocktails at Nau Lounge.
Read less",,,,,"[""fitness center"", ""on-site parking"", ""pool"", ""1 on-site restaurant"", ""smoke-free hotel"", ""area shuttle""]",,,false,2025-12-24T12:55:20.436282
miami,Staybridge Suites Miami Doral Area,"3265 N.W. 87th Avenue
Miami, Florida 33172, United States",18772388889,3.96,"Situated in a beautiful suburban setting, the Staybridge Suites® Miami Doral is just minutes from Miami International Airport, making the hotel a perfect choice for business & leisure travelers. We offer a “feels like home” experience with spacious suites & fully equipped kitchens to make your home-cooked meals.
Unpack & settle in with great amenities including free Wi-Fi access & Business Center. Our comfortable, modern boardroom seats up to 10 people. When it's time to relax, this Miami hotel is surrounded by the city's best attractions. Trump National Golf Resort, home to the legendary TPC Blue Monster, is just a few blocks away. For the more adventurous, don't miss a chance to explore the beautiful Everglades National Park. A short drive to the icon of Miami-South Beach and Ocean Drive.
We offer a warm, social and home-like environment as your home away from home. We will see you for our free hot breakfast buffet each morning and free Social Reception featuring light dinner and drinks every Monday, Tuesday & Wednesday. Catch a Heat game at Kaseya Center, a Panthers game in Sunrise, or just beat the heat in our outdoor pool! Call today and let us exceed your expectations.
Read Less",151 USD,,,,"[""Parking"", ""Pet Friendly"", ""Pool"", ""Fitness Center"", ""Wi-Fi Included"", ""Meeting Facilities""]",,,true,2025-12-24T12:55:32.956963
miahg,Holiday Inn Miami West - Airport Area,"7707 N.W. 103rd Street
Hialeah Gardens, Florida 33016, United States",18884654329,3.57,"Holiday Inn Miami West - Airport Area. Only 9 miles from Miami International Airport (MIA) and offers free airport transportation.
Whether your journey is for business or leisure, our elegantly designed, 100% smoke-free hotel is conveniently situated just 30 minutes from downtown Miami and Fort Lauderdale, with easy access to various renowned attractions. The world-famous South Beach, Marlins Park (home to the Marlins), and Hard Rock Stadium (home to the Miami Dolphins) are all just a short drive from our location.
Our outdoor oasis is ideal for unwinding by the pool and basking in the inviting Florida sunshine. Whether savoring a morning cup of coffee or indulging in a late afternoon or early evening cocktail after a bustling day, it's perfect either way.
Experience a blend of style and comfort at the Holiday Inn Miami West. Enjoy a range of on-site amenities, including Bistro 103, an outdoor pool, catering and event services, car rental, and a gift shop. Indulge in the delightful a la carte menu at Bistro 103, featuring a daily dinner service with a variety of entrees, creative burgers and sandwiches, salads, and daily specials.
Read less",110 USD,,,"{""parking_info"": ""\nAMENITIES\nThe highlights\nOutdoor Pool\nPets Are Welcome!\nOutdoor Pool\nTake a refreshing dip in our sparkling outdoor pool—your perfect escape under the Miami sun! Surrounded by palm trees and comfy lounge chairs, it’s a great spot to relax, catch some rays, or unwind after a busy day. Whether you're here to swim or just soak up the tropical vibes, the poolside is always a guest favorite.\nCall +1-305-8251000\nHotel features\nkids eat free\nairport shuttle\nlimited housekeeping\nfitness center\non-site parking\npet-friendly\npool\n1 on-site restaurant\nsmoke-free hotel\nwi-fi\nAT THIS HOTEL\nHotel Details\nFitness Center\nGolf\n\n\n\nParking and transportation\n\n\n\n\nPool\nServices\nHome\nExplore\nUnited States Florida Hialeah Gardens Holiday Inn Holiday Inn Miami West - Airport Area Amenities\nSOCIAL MEDIA\nCOMPANY\nAbout IHG\nIHG Careers\nIHG Global Brands\nHotel Development\nChat with us\nExplore Hotels\nTerms of Use\nAdChoices\nPrivacy and Cookie Center\nDo Not Sell or Share My Personal Information\nSite Map\nFeedback\nBook online or call:\n1 888 HOLIDAY (1 888 465 4329)\nDownload the IHG One Rewards app\nLearn more about fast booking and Rewards on the go\nTo ensure that we give you the best experience on our website, we u""}","[""kids eat free"", ""airport shuttle"", ""limited housekeeping"", ""fitness center"", ""on-site parking"", ""pet-friendly"", ""pool"", ""1 on-site restaurant"", ""smoke-free hotel""]",,"[""Skip To main content"", ""1 888 HOLIDAY (1 888 465 4329)"", ""Chat with us"", ""English"", ""My stays"", ""Join for free Sign in"", ""Offers"", ""Rooms"", ""Amenities"", ""Dining"", ""Local Area"", ""Groups & Events"", ""Photos"", ""VIEW PRICES"", ""1/9"", ""HOLIDAY INN MIAMI WEST - AIRPORT AREA"", ""AMENITIES"", ""The highlights"", ""Outdoor Pool"", ""Pets Are Welcome!"", ""Outdoor Pool"", ""Take a refreshing dip in our sparkling outdoor pool—your perfect escape under the Miami sun! Surrounded by palm trees and comfy lounge chairs, it’s a great spot to relax, catch some rays, or unwind after a busy day. Whether you're here to swim or just soak up the tropical vibes, the poolside is always a guest favorite."", ""Call +1-305-8251000"", ""Hotel features"", ""kids eat free"", ""airport shuttle"", ""limited housekeeping"", ""fitness center"", ""on-site parking"", ""pet-friendly"", ""pool"", ""1 on-site restaurant"", ""smoke-free hotel"", ""wi-fi"", ""AT THIS HOTEL"", ""Hotel Details"", ""Fitness Center"", ""Golf"", ""Parking and transportation"", ""Pool"", ""Services"", ""Home"", ""Explore"", ""United St""]",true,2025-12-24T12:56:21.351021
miami,Candlewood Suites Miami - Doral,"10505 NW 36th St.
Miami, Florida 33178, United States",18772263539,3.06,"Discover your perfect getaway at our brand new Candlewood Suites, strategically located near everything that makes Miami special. Whether you're here for business or leisure, our prime location ensures you're just moments away from top attractions, shopping, dining, and vibrant nightlife. Indulge in modern comfort and exceptional service as you unwind in our thoughtfully designed rooms and suites. With amenities tailored to exceed your expectations, we're dedicated to making your stay memorable.
Read less",132 USD,,,,"[""limited housekeeping"", ""fitness center"", ""full kitchen"", ""on-site parking"", ""pet-friendly"", ""pool"", ""smoke-free hotel"", ""wi-fi"", ""market""]",,,true,2025-12-24T12:56:56.278924
miasw,EVEN Hotel Miami - Doral Area,"10770 NW 25th Street
Sweetwater, Florida 33172, United States",18558793836,4.43,"Steps from Dolphin Mall and a short drive from downtown Miami and Miami International Airport, EVEN Hotel Miami – Doral Area offers seamless access to the best of the city while embracing a wellness-focused stay, with modern amenities designed to keep you refreshed, energized, and balanced.
Explore vibrant local attractions like CityPlace Doral, downtown Doral, Florida International University, and Miami International Mall. Visit Wynwood Art District and see a show at Adrienne Arsht Center for Performing Arts. Watch a soccer match at Inter Miami CF and explore the upcoming Miami Freedom Park, a 25,000-seat soccer stadium scheduled to open early 2026. Soak up the sun on South Beach, experience the hottest clubs in downtown Miami, or catch a game at Hard Rock Stadium. Business travelers appreciate proximity to corporations like Burger King HQ, U.S. Southern Command, airline training facilities, and cruise lines for Carnival, Holland America, Norwegian, and MSC.
Keep up your routine in our fully equipped Athletic Studio, take a dip in our outdoor pool, and savor nourishing meals at EVEN® Kitchen & Bar. Enjoy access to meeting rooms and workspaces, plus, free Wi-Fi and convenient onsite parking. After a productive day, retreat to our modern guest rooms designed for ultimate relaxation. Whether you're here for business or leisure, we provide everything you need for a comfortable stay in Miami.
Read less",142 USD,,,"{""parking_info"": ""y of beverages, freshly prepared food, snacks, and satisfying sweet treats. Looking for a pick-me-up? Freshly brewed bean-to-cup coffee and specialty espresso beverages are available for purchase whenever you need it.\nCappuccino Machines\nIndulge in expertly crafted coffee from our deluxe cappuccino machines, serving premium blends from Julius Meinl. Each cup delivers a smooth, rich flavor, blending timeless tradition with modern sophistication in every sip.\nHotel features\nfitness center\non-site parking\npet-friendly\npool\n1 on-site restaurant\nsmoke-free hotel\nwi-fi\nAt this hotel\nHotel details\nFitness center\nGolf\n\n\n\nParking and transportation\n\n\nPool\nServices\nEVEN Hotel Miami - Doral Area pet policy\nA pet fee of 75 USD applies for stays 1 to 6 nights, and 125 USD for 7 nights or more, plus tax. Maximum 2 dogs per room, with a combined weight limit of 50 lbs. We welcome your furry friends to enjoy their stay with you.\nView in other languages\nEnglish\nEnglish (GB)\n日本語\nDeutsch\n繁體中文\nEspañol\n中文\nFrançais\nEspañol (España)\nItaliano\nNederlands\nРусский\nPortuguês\n한국어\nไทย\nالعربية\nPortuguês (BR)\nBahasa Indonesia\nTürkçe\nPolski\nTiếng Việt\nHome\nExplore\nUnited States Florida Sweetwater Even Even Hotels ""}","[""fitness center"", ""on-site parking"", ""pet-friendly"", ""pool"", ""1 on-site restaurant"", ""smoke-free hotel"", ""wi-fi""]",,,true,2025-12-24T12:57:06.719913
miaml,,,18884654329,,"Hialeah Hotel's Guests Enjoy Sun and Satisfaction
Whether you're working or indulging in a shopping spree at the many nearby world-class shopping destinations, you can enjoy the best of the Miami metro area when you stay at the Holiday Inn Express® Hotel & Suites Miami - Hialeah. This hotel's prime location is eight miles from Miami International Airport and 15 miles from downtown Miami.
If you're visiting for business in Hialeah, the hotel offers free high-speed, wireless Internet access and a 24-hour Business Center to help you keep in touch with colleagues. The Miami Lakes Business District and Medley factories are nearby, and Miami International Airport (MIA) and Opa-Locka Executive Airport (OPF) are within six to eight miles, making long-distance travel a breeze.
The hotel's location in the Miami area provides access to top attractions. Football fans are thrilled by the hotel's proximity to the Hard Rock Stadium, only eight miles away, making our hotel a great choice for visitors in town for the Orange Bowl Game. You can also attend fantastic world-class events, including mesmerizing concerts and sporting events, at the FTX Arena.
After a busy day, you can enjoy an energizing workout in a 24-hour Fitness Center, go for a swim in a beautiful outdoor pool or simply unwind on the peaceful patio. When you stay with us in Hialeah, hotel perks like a free, hot breakfast get each day off to a flawless start!
Read less",,,,,"[""free breakfast"", ""limited housekeeping"", ""fitness center"", ""on-site parking"", ""pool"", ""smoke-free hotel"", ""wi-fi""]",,,false,2025-12-24T12:57:39.862706
mialk,Candlewood Suites Miami Lakes,"8079 NW 154th Street
Miami Lakes, Florida 33016, United States",18772263539,2.89,Pet Policy Agreement must be signed at check in with vaccination records available upon request. Maximum 2 pets per room and under 50 pounds. Non refundable pet cleaning fee. Additional fees may apply if excessive cleaning or repair is needed.,104 USD,,,,"[""limited housekeeping"", ""fitness center"", ""full kitchen"", ""on-site parking"", ""pet-friendly"", ""pool"", ""smoke-free hotel"", ""wi-fi"", ""market""]",,,true,2025-12-24T12:57:51.321406
miami,Candlewood Suites Miami Exec Airport - Kendall,"13600 S.W. 139 Court
Miami, Florida 33186, United States",18772263539,4.40,"Welcome to the Candlewood Suites Hotel Miami Executive Airport - Kendall. You can enjoy the most modern and convenient extended stay hotel in Kendall. Business travelers and adventure seekers looking for the perfect home away from home, look no further for short term or extended stays in our hotel suites. Our hotel is right next to the Miami Executive Airport, 20 miles away from Miami International Airport (MIA) and 34 miles from Hard Rock Stadium (World Cup 2026). With world class shopping centers including London Square, The Palms at Town & Country, Dolphin Mall and Dadeland Mall. Also conveniently located just minutes away from Miami Dade College, Baptist Hospital, Zoo Miami, Gold Coast Railroad Museum, Wings Over Miami Museum, Kendall Ice Arena, Monkey Jungle, Jungle Island, Black Point Marina, Homestead Miami Speedway, Everglades National Park, Vizcaya Museum and Gardens, and downtown Miami just a short drive away.
Our spacious suites with fully-equipped kitchens, complimentary guest laundry, complimentary parking, 24-hour gazebo and barbecue area, outdoor pool, Fitness Center and signature amenities will make for a perfect stay. Stress free weekly housekeeping services will make for a more relaxing stay. Free high-speed Internet access, and large workspaces with a desk chair, and recliner give you all the comforts you need to stay relaxed.
The hotel has a large-scale generator to operate all the areas of the hotel during power outages.
Read less",270 USD,,,,"[""limited housekeeping"", ""fitness center"", ""full kitchen"", ""on-site parking"", ""pet-friendly"", ""pool"", ""smoke-free hotel"", ""wi-fi"", ""market""]",,,true,2025-12-24T12:58:23.051915
fllmr,,,18884654329,,"Welcome to Holiday Inn Express & Suites Miramar, your ideal stay offering comfort, convenience, and warm Southern hospitality.
Located in the heart of the city, our Miramar hotel puts you just minutes from top attractions like Hard Rock Stadium, Pembroke Gardens, Sawgrass Mills Mall, and the Seminole Hard Rock Casino. Business travelers enjoy easy access to Universal Technical Institute, Memorial Health Care System, the Federal Bureau of Investigation and the Grogan Federal Building, while cruise guests appreciate our proximity to Port Everglades and the Port of Miami.
Wake up to our complimentary Express Start® Breakfast buffet, stay energized in our 24-hour Fitness Center, and unwind in our sparkling outdoor pool. Stay connected with free Wi-Fi, enjoy the ease of on-site parking, and host memorable events in our versatile meeting space. After a long day, experience a restful night's sleep in our guest rooms, complete with plush bedding and thoughtful essentials. We offer everything you need for a comfortable stay in Miramar, FL.
Read less",,,,,"[""kids eat free"", ""free breakfast"", ""fitness center"", ""on-site parking"", ""pool"", ""smoke-free hotel"", ""wi-fi""]",,,false,2025-12-24T12:58:33.780576
fllas,,,18884654329,,"Welcome to the full-service Holiday Inn Fort Lauderdale Airport hotel. We are centrally located between Fort Lauderdale and Miami at Exit 21 on I-95, ideally located within minutes to sunny Florida Beaches, Universities, Memorial Regional Hospital, shopping centers, Sawgrass Mills Mall, Aventura Mall & much more including many parks, recreation, & entertainment.
With easy access to the Florida Turnpike, I-595, I-75, and the Sawgrass Expressway, it makes it all convenient for traveling. Guests enjoy a fresh contemporary designed lobby & guest rooms; along with great amenities that will make you feel right at home, such as, free Wi-Fi throughout the entire property, in-room fridge, Keurig coffee maker, plush pillow-top mattresses in our oversized rooms, as well as a 24-hour state of the art fitness center and a new business center with remote printing capabilities.
Our complimentary shuttle takes the ease in getting to and from the Fort Lauderdale/Hollywood International Airport, with additional services to the Fort Lauderdale Cruise Port, Port Everglades, with drop-off service for a nominal fee. Cafe Aquatica on-site restaurant serves a hot breakfast cooked to order, plus Kids Eat Free. We also serve dinner, exotic specialty drinks & cocktails in the evening. Guest can celebrate and enjoy social gatherings in our 2000 sq. ft. meeting space that can provide tasty food choices through our catering service and events.
Read less",,,,"{""parking_info"": ""ENITIES\nThe highlights\nEmbrace Tranquility At Our Pool Area!\nEmbrace Tranquility at Our Pool Area!\nRelax in our spacious pool area featuring a soothing waterfall and lush tropical surroundings. Enjoy comfortable lounge chairs, a stylish terrace bar serving refreshing drinks, and an inviting hot tub. Whether unwinding or hosting a private event, our pool area is the perfect backdrop for unforgettable moments!\nCall +1-954-9259100\nHotel features\nkids eat free\nairport shuttle\nfitness center\non-site parking\npool\n1 on-site restaurant\nsmoke-free hotel\nwi-fi\nAT THIS HOTEL\nHotel Details\nFitness Center\nGolf\n\n\n\n\n\n\n\n\nParking and transportation\n\n\n\n\n\n\n\n\nPool\nServices\nHome\nExplore\nUnited States Florida Hollywood Holiday Inn Holiday Inn Ft. Lauderdale-Airport Amenities\nSOCIAL MEDIA\nCOMPANY\nAbout IHG\nIHG Careers\nIHG Global Brands\nHotel Development\nChat with us\nExplore Hotels\nTerms of Use\nAdChoices\nPrivacy and Cookie Center\nDo Not Sell or Share My Personal Information\nSite Map\nFeedback\nBook online or call:\n1 888 HOLIDAY (1 888 465 4329)\nDownload the IHG One Rewards app\nLearn more about fast booking and Rewards on the go\nTo ensure that we give you the best experience on our website, we use machine tr""}","[""kids eat free"", ""airport shuttle"", ""fitness center"", ""on-site parking"", ""pool"", ""1 on-site restaurant"", ""smoke-free hotel"", ""wi-fi""]",,"[""Skip To main content"", ""1 888 HOLIDAY (1 888 465 4329)"", ""Chat with us"", ""English"", ""My stays"", ""Join for free Sign in"", ""Offers"", ""Rooms"", ""Amenities"", ""Dining"", ""Local Area"", ""Groups & Events"", ""Photos"", ""VIEW PRICES"", ""1/6"", ""HOLIDAY INN FT. LAUDERDALE-AIRPORT"", ""AMENITIES"", ""The highlights"", ""Embrace Tranquility At Our Pool Area!"", ""Embrace Tranquility at Our Pool Area!"", ""Relax in our spacious pool area featuring a soothing waterfall and lush tropical surroundings. Enjoy comfortable lounge chairs, a stylish terrace bar serving refreshing drinks, and an inviting hot tub. Whether unwinding or hosting a private event, our pool area is the perfect backdrop for unforgettable moments!"", ""Call +1-954-9259100"", ""Hotel features"", ""kids eat free"", ""airport shuttle"", ""fitness center"", ""on-site parking"", ""pool"", ""1 on-site restaurant"", ""smoke-free hotel"", ""wi-fi"", ""AT THIS HOTEL"", ""Hotel Details"", ""Fitness Center"", ""Golf"", ""Parking and transportation"", ""Pool"", ""Services"", ""Home"", ""Explore"", ""United States F""]",false,2025-12-24T12:58:44.392789
flldn,,,18884654329,,"Experience Comfort and Convenience at Holiday Inn Express and Suites Ft. Lauderdale Airport South!
Looking for a perfect blend of relaxation and convenience? Look no further! Our hotel is ideally situated just 1.5 miles from the stunning Dania Beach and only minutes away from the Fort Lauderdale Hollywood International Airport. Whether you are in town to soak up the sun, conduct business in downtown, or set sail on an unforgettable cruise from Port Everglades, we are your ultimate destination.
Start your day with a refreshing swim in our outdoor heated pool or re-energize in our state-of-the-art Fitness Center. At Holiday Inn Express and Suites Ft. Lauderdale Airport South, we have got everything you need for a seamless and enjoyable lodging.
Book your stay today and make us your home base for a memorable experience in sunny Fort Lauderdale!
Read less",,,,,"[""airport shuttle"", ""free breakfast"", ""fitness center"", ""on-site parking"", ""pool"", ""smoke-free hotel"", ""wi-fi""]",,,false,2025-12-24T12:59:09.851925
fllpp,,,18884654329,,"Welcome to our all-suite hotel in the Fort Lauderdale/Pembroke Pines area.
Enjoy comfort at the Holiday Inn Express & Suites Pembroke Pines-Sheridan St, FL near Ft. Lauderdale. We're only 22 miles from Fort Lauderdale International Airport (FLL).
Vacationing families will love staying at our all-suite hotel in Pembroke Pines, located just off I-75 with easy access to numerous local attractions. Nearby sights and activities include Sunlife Stadium and BB&T Center, Calder Race Course, shopping at the Sawgrass Mills Outlet Mall and the Hard Rock Casino. Other attractions in close proximity include C.B. Smith Park, downtown Fort Lauderdale and the breathtaking Flamingo Gardens.
Business travelers looking for lodging near Fort Lauderdale will be impressed by the convenience of our Pembroke Pines hotel. Situated in a suburban area outside Ft. Lauderdale, the hotel offers close proximity to companies such as Lucent Technologies headquarters, Carnival Cruise Lines corporate headquarters, American Express, & the Cleveland Clinic Hospital. In addition, we provide a business center with fax, copier, printer and free high-speed Internet access to keep you in touch.
While staying at our Pembroke Pines hotel, enjoy amenities like an outdoor pool, 24-hour fitness center and a free hot breakfast bar. The Holiday Inn Express hotel near Fort Lauderdale is the smart choice for every traveler.
Read less",,,,,"[""kids eat free"", ""free breakfast"", ""fitness center"", ""on-site parking"", ""pool"", ""smoke-free hotel"", ""wi-fi""]",,,false,2025-12-24T12:59:19.288570
davie,Staybridge Suites Fort Lauderdale Airport - West,"4901 Griffin Road
Davie, Florida 33314, United States",18772388889,4.35,"Be near nature and night life that Ft. Lauderdale Florida has to offer at Staybridge Suites Ft. Lauderdale Airport - West. Minutes from the white sand beaches of South Florida, conveniently only nine miles from the Fort Lauderdale–Hollywood International Airport, makes this Staybridge Suites the perfect destination property to experience everything Ft. Lauderdale is known for.
Kayak through Dr. Von D. Mizell-Eula Johnson State Park and Anne Kolb Nature Center to experience South Florida’s mangroves. Minutes from the hotel you can visit the Seminole Hard Rock Hotel & Casino - Hollywood, FL, which offers dinning, and shopping options. Just a short drive from the Staybridge Suites Ft. Lauderdale Airport – West hotel, is Las Olas Boulevard. Las Olas Boulevard in the heart of Fort Lauderdale, Florida is at the forefront of everything from fashion boutiques and art galleries, to memorable restaurants, sidewalk cafes and bars... set the stage each evening for South Florida’s most architecturally unique, authentic, and eclectic shopping and dining district.
Travelers will feel at home in our spacious studio, one and two-bedroom suites with a fully-equipped kitchen. Amenities include 24-hour business center, free Wi-Fi access, fitness room, free laundry room, outdoor pool, and pantry, our 24/7 convenience store. We offer our guests complimentary scheduled transfers daily to the Fort Lauderdale–Hollywood International Airport.
Read Less",142 USD,,,,"[""Parking"", ""Pet Friendly"", ""Pool"", ""Fitness Center"", ""Wi-Fi Included"", ""Meeting Facilities""]",,"[""1 877 238 8889"", ""Chat with us"", ""English"", ""My stays"", ""Join for free Sign in"", ""AMENITIES"", ""LOCAL AREA"", ""GROUPS & EVENTS"", ""PHOTOS"", ""OFFERS"", ""VIEW PRICES"", ""STAYBRIDGE SUITES FORT LAUDERDALE AIRPORT - WEST"", ""AMENITIES"", ""Fitness Center"", """", ""Complimentary Breakfast"", ""6:30 AM - 9:30 AM"", ""Monday, Tuesday, Wednesday, Thursday, Friday"", ""Additional Amenities & Services"", ""BUSINESS SERVICES"", ""On-Site Business Center"", ""Business Center is open 24 hours a day"", ""Business Services are available"", ""Staybridge Suites Ft. Lauderdale Airport West has a 24 hour business center. The business center has three desktops, a printer and an ATM machine. Fax and copy services are available at the Front Desk."", ""Copying"", ""Office supplies available"", ""Printer"", ""Scanner"", ""HOUSEKEEPING & LAUNDRY"", ""Dry Cleaning Pickup/Laundry"", ""Same-Day Dry Cleaning"", ""On-site Guest Self-Laundry Facilities"", ""Daily Housekeeping"", ""Weekly Housekeeping"", ""Housekeep Limited Ser""]",true,2025-12-24T12:59:30.377900
flltb,,,18774952843,,"We offer a complimentary shuttle service to and from the Fort Lauderdale-Hollywood International Airport only. The shuttle from the airport to the hotel runs at 2:30pm, 5:30pm, 7:30pm, and 9:30pm. Shuttle service from the hotel to the airport is available at 8am, 11am, and 2pm. If you need cruise transportation, we have several referrals for you that you may choose from.",,,,,,,,false,2025-12-24T12:59:53.340787
davie,,,18884654329,,"The Holiday Inn Express & Suites Ft. Lauderdale Airport West is centrally located four miles from the Fort Lauderdale-Hollywood International Airport (FLL) and is less than six miles from the Port Everglades Cruise Port & the Greater Fort Lauderdale/Broward County Convention Center. The campuses of Nova Southeastern University, Broward Community College, Florida International University and Florida Atlantic University are minutes away.Our hotel offers free round trip transportation to the Fort Lauderdale-Hollywood International Airport call hotel for times & availability. For a nominal fee drop off transportation is provided to the Port Everglades cruise terminal. Our convenient location offers easy access to all major highways including I-595, I-95, I-75 and the Florida Turnpike and is minutes from all the excitement downtown Fort Lauderdale offers. Full-service features and amenities include a free full hot breakfast, fitness center and outdoor Pool. This hotel provides spacious guest rooms, refrigerators, microwaves, coffee makers and 32in flat-panel HDTVs.For business travelers, this Davie / Plantation, FL hotel provides modern conveniences like free high-speed Internet access in all suites (wired & wireless), spacious work desks, two-line telephones with voice mail and a business center. The Dolphin Meeting Room can accommodate small meetings.
Read less",,,,,"[""kids eat free"", ""airport shuttle"", ""free breakfast"", ""ev chargers"", ""fitness center"", ""on-site parking"", ""pool"", ""smoke-free hotel"", ""wi-fi""]",,,false,2025-12-24T13:00:34.407824
fllsr,,,18884654329,,"Relax + Recharge at our Hotel Near Fort Lauderdale Airport
Just a mile from the Fort Lauderdale - Hollywood Int'l Airport (FLL), our hotel is a perfect choice if you're coming to soak up the sun, travel on business to downtown or just stopping by Fort Lauderdale before departing on a cruise from Port Everglades. Hot Express Start Breakfast Bar is complimentary by us.
Take advantage of our free FLL Airport shuttle service with convenient pickup and drop off. In addition, the Greater Fort Lauderdale Convention Center is just a stone's throw away.
While visiting Florida, let us be your guide - our hotel staff will gladly help you with any arrangements. We're only 10 miles away from the iconic Hard Rock Stadium and a few minutes' drive from the legendary Las Olas Blvd. Something exciting is always happening at the Riverwalk in downtown, too!
Relax at the Holiday Inn Express® Ft. Lauderdale Airport / Cruise hotel with an outdoor, heated pool and fitness center. Book now and make this vacation or business trip unforgettable.
Read less",,,,,"[""airport shuttle"", ""free breakfast"", ""fitness center"", ""on-site parking"", ""pool"", ""smoke-free hotel"", ""wi-fi""]",,,false,2025-12-24T13:00:45.725715
fllfl,Candlewood Suites Ft. Lauderdale Airport/Cruise,"1120 W. State Road 84
Fort Lauderdale, Florida 33315, United States",18772263539,3.86,"Welcome to Candlewood Suites of Fort Lauderdale, Florida your perfect home away from home! Whether you are here for business, a long layover, or embarking on an unforgettable cruise, we are conveniently located near Fort Lauderdale International Airport and Port Everglades for your ease and comfort.
Our spacious rooms and thoughtful amenities are designed to make your extended stay relaxing and hassle-free. Enjoy cozy accommodations, complimentary Wi-Fi, and airport shuttle transportation. We look forward to making your stay as smooth and enjoyable as possible. Welcome aboard – your adventure begins here!
Read less",104 USD,,,,"[""airport shuttle"", ""limited housekeeping"", ""fitness center"", ""full kitchen"", ""on-site parking"", ""pet-friendly"", ""smoke-free hotel"", ""wi-fi"", ""market""]",,,true,2025-12-24T13:01:14.380775
fllhi,,,18772276963,,"Discover Comfort and Convenience at Fort Lauderdale's Premier Hotel
Welcome to our newly renovated upscale hotel, perfectly located near South Florida's top attractions, event centers, Fort Lauderdale International Airport, and the Everglades Cruise Port. With 149 stylish rooms and modern amenities, we offer the ideal setting for both business and leisure stays.
On the 5th floor, you will find 3,250 square feet of flexible meeting space, equipped for success, plus a spacious outdoor deck and patio area for relaxing or networking.
Whether hosting a conference or enjoying a getaway, we’re here to make your stay exceptional. We look forward to welcoming you!
Read less",,,,"{""parking_info"": ""ip To main content\n1 877 2 CROWNE (1 877 227 6963)\nChat with us\nEnglish\nMy stays\nJoin for free Sign in\nOFFERS\nROOMS\nAMENITIES\nDINING\nLOCAL AREA\nGROUPS & EVENTS\nPHOTOS\nVIEW PRICES\n1/6\nCROWNE PLAZA FT. LAUDERDALE AIRPORT/CRUISE\nAmenities\nAIRPORT SHUTTLE\nAirport Shuttle\nWe provide complimentary daily airport shuttle service to and from Fort Lauderdale-Hollywood International Airport (FLL), operating from 5:00 AM to 11:00 PM.\nCall +1-954-5238080\nHotel features\nairport shuttle\nfitness center\non-site parking\npool\n1 on-site restaurant\nsmoke-free hotel\nwi-fi\nAt this hotel\nHotel details\nFitness center\nParking and transportation\n\n\n\n\nPool\nServices\nCrowne Plaza Ft. Lauderdale Airport/Cruise pet policy\nService dogs are allowed.\nView in other languages\nEnglish\nEnglish (GB)\n日本語\nDeutsch\n繁體中文\nEspañol\n中文\nFrançais\nEspañol (España)\nItaliano\nNederlands\nРусский\nPortuguês\n한국어\nไทย\nالعربية\nPortuguês (BR)\nBahasa Indonesia\nTürkçe\nPolski\nTiếng Việt\nHome\nExplore\nUnited States Florida Fort Lauderdale Crowne Plaza Crowne Plaza Ft. Lauderdale Airport/Cruise Amenities\nSOCIAL MEDIA\nCOMPANY\nAbout IHG\nIHG Careers\nIHG Global Brands\nHotel Development\nChat with us\nExplore Hotels\nTerms of Use\nAdChoices\nPrivacy and Cookie""}","[""airport shuttle"", ""fitness center"", ""on-site parking"", ""pool"", ""1 on-site restaurant"", ""smoke-free hotel"", ""wi-fi""]",,"[""AIRPORT SHUTTLE"", ""Airport Shuttle"", ""We provide complimentary daily airport shuttle service to and from Fort Lauderdale-Hollywood International Airport (FLL), operating from 5:00 AM to 11:00 PM."", ""Call +1-954-5238080""]",false,2025-12-24T13:01:25.486660
fllcc,,,18884654329,,"Just minutes from Port Everglades Cruise Port and the Greater Ft. Lauderdale Convention Center, Holiday Inn Express Ft. Lauderdale Cruise-Airport offers the ultimate convenience for business and leisure travelers!
Near Ft. Lauderdale, we are also close to Fort Lauderdale Hollywood International Airport (FLL). You’ll enjoy hassle-free travel with our complimentary airport shuttle. Easily explore top attractions like Downtown Fort Lauderdale, Fort Lauderdale Beach, and Las Olas Boulevard. Hop on the Sun Trolley, located right outside our hotel, or jump on a Water Taxi and enjoy the Museum of Discovery and Science, Jungle Queen Riverboats, and the Riverwalk.
Start each day with our complimentary Express Start® Breakfast Buffet, stay active in our Fitness Center, and unwind at our rooftop outdoor pool surrounded by stunning views.
Sink into plush bedding in your spacious guest room and enjoy thoughtful in-room amenities designed to enhance your comfort. With free Wi-Fi, covered parking, and a flexible meeting room, we are the ideal place to stay in Ft. Lauderdale!
Read less",,,,,"[""kids eat free"", ""airport shuttle"", ""free breakfast"", ""daily housekeeping"", ""fitness center"", ""on-site parking"", ""pool"", ""smoke-free hotel"", ""wi-fi""]",,,false,2025-12-24T13:01:51.684605
fllrs,Kimpton Shorebreak Fort Lauderdale,"2900 Riomar Street
Fort Lauderdale, Florida 33304, United States",18005467866,3.88,"Kimpton Shorebreak Fort Lauderdale Beach Resort is a sunshine-dappled world onto itself, where you can savor peaceful moments — and also shake up the party. Enjoy well-known Kimpton service and amenities, along with special experiences that are lush and ever-so local. From beachfront yoga classes and sunset sips with vibrant music on the rooftop as yachts drift in the backdrop, this is the neighborhood’s place to be. And it’s all within easy reach of downtown Fort Lauderdale's sophisticated shops and dining.
Read less",233 USD,,,"{""parking_info"": ""Skip To main content\n1 800 546 7866\nChat with us\nEnglish\nMy stays\nJoin for free Sign in\nROOMS\nAMENITIES\nEAT + DRINK\nLOCATION\nMEETINGS\nOFFERS\nGALLERY\nVIEW PRICES\nKIMPTON SHOREBREAK FORT LAUDERDALE\nAmenities\nThe highlights\nROOFTOP POOL AND BAR\nRooftop Pool and Bar\nThe rooftop pool holds sweeping panoramic views of the intercoastal, as well as loungers and tables to indulge in refreshing specialty cocktails.\nLearn more\nEnjoy these perks\n1 on-site restaurant\nfitness center\npet-friendly\non-site parking\nsmoke-free hotel\nEverything you need to know\nHotel details\nActivities\nBeach\nFitness center\nParking and transportation\n\n\nPool\nServices\nKimpton Shorebreak Fort Lauderdale pet policy\nCourtesy bags for walking your dog at no additional charge. No deposit required. No size weight limit. No limit on number of pets allowed.\nView pet policy\nView in other languages\nEnglish\nEnglish (GB)\n日本語\nDeutsch\n繁體中文\nEspañol\n中文\nFrançais\nEspañol (España)\nItaliano\nNederlands\nРусский\nPortuguês\n한국어\nไทย\nالعربية\nPortuguês (BR)\nBahasa Indonesia\nTürkçe\nPolski\nTiếng Việt\nHome\nExplore\nUnited States Florida Fort Lauderdale Kimpton Hotels Shorebreak Fort Lauderdale Amenities\nSOCIAL MEDIA\nQUICK LINKS\nSpecial Offers\nLast""}","[""1 on-site restaurant"", ""fitness center"", ""pet-friendly"", ""on-site parking"", ""smoke-free hotel""]",,,true,2025-12-24T13:02:02.157164
fllpl,,,18884654329,,"Start your day with a complimentary hot breakfast buffet featuring seasonal favorites. Keep up your fitness routine in our 24-hour onsite Fitness Center with cardio equipment and free weights, or take a refreshing swim in the outdoor pool. For extended stays, our self-service laundry center adds extra convenience. Planning an event? The Holiday Inn Express & Suites Ft. Lauderdale-Plantation offers seven versatile meeting spaces ideal for both business and social gatherings, complete with A/V equipment and customizable catering packages. Whether you're in town for work or play, you’ll appreciate our convenient location near Amerant Bank Arena, Sunrise Sports Complex, Broward Mall, Hard Rock Stadium, and other top attractions in Plantation, FL.
Read less",,,,,"[""kids eat free"", ""free breakfast"", ""daily housekeeping"", ""fitness center"", ""on-site parking"", ""pool"", ""smoke-free hotel"", ""wi-fi""]",,,false,2025-12-24T13:02:27.389761
fllwc,Holiday Inn Express & Suites Ft Lauderdale N - Exec Airport,"1500 West Commercial Blvd.
Fort Lauderdale, Florida 33309, United States",18884654329,4.58,"Sunny Fort Lauderdale Offers Hotel's Guests Opportunity
Whether you are coming to Ft Lauderdale for business, embarking on a beach vacation or planning a casino date with Lady Luck, the place to ""Stay Smart"" is the Holiday Inn Express® Hotel & Suites Fort Lauderdale N - Exec Airport. This hotel is across the street from New Inter Miami CF Stadium. Our location near I-95 and the Florida Turnpike assures easy travel throughout Fort Lauderdale.
Looking for hotels near the FXE airport? We are 1/4 mile of Fort Lauderdale Executive Airport (FXE) and 12 miles from Fort Lauderdale International Airport (FLL). Corporate visitors relish the hassle-free commute to companies like Banyan Air, Deloitte & Touche, while academics appreciate that Keiser University is a brief walk from the hotel's doors. Meetings in Ft. Lauderdale, FL are a cinch, thanks to the on-site event space.
Entertainment options abound in Fort Lauderdale. Nearby attractions like Pompano Park & Casino and Las Olas Boulevard offer everything from horse racing to leisurely riverfront jaunts. We are near the home to the NFL's Miami Dolphins.
While in Ft. Lauderdale, FL, guests can indulge in a savory, hot breakfast, provided free-of-charge each day, and afterward lounge by a sparkling outdoor pool. A Business Center and complimentary hotel-wide Wi-Fi access ensure that you won't miss a beat, and the Fitness Center helps you keep up your routine. Book today!
Read less",151 USD,,,,"[""kids eat free"", ""free breakfast"", ""fitness center"", ""on-site parking"", ""pet-friendly"", ""pool"", ""smoke-free hotel"", ""wi-fi""]",,,true,2025-12-24T13:02:37.751789
fcffl,,,18884654329,,"Florida City Hotel Near the Keys and Miami
Gearing up for a business trip to the Miami area? Planning for a Florida Keys vacation? Choose the accommodations that put you within moments of all that southern Florida has to offer: the Holiday Inn Express® Hotel & Suites Florida City - Gateway to the Keys.
Situated off Route 1 and 9 miles from the Homestead General Aviation Airport, corporate travelers in Florida City appreciate this hotel's proximity to prominent local businesses, including the Turkey Point Nuclear Generating Station. Perks like free wifi throughout the facility ensure productivity during extended business trips, and an on-site boardroom suitable for up to 20 is ideal for meetings with clients and colleagues. Patrons can take a break from the grind, with a round of golf at Keys Gate Golf & Country Club.
While staying in Florida City, hotel guests can spend the day following the nearby Historic Redland Tropical Trail. Stops along the trail include the Everglades Alligator Farm, which offers a thrilling, up-close encounter with Florida wildlife. For fantastic shopping take a day trip to Miami, and for a tropical escape, venture to Key Largo for fun in the sun.
This hotel provides a comfortable, 100% smoke-free environment and all of the amenities you expect, including a sparkling, outdoor pool, a Fitness Center and a complimentary, hot breakfast each day. Our hospitable, attentive staff awaits your arrival. Book a room today!
Read less",,,,,"[""free breakfast"", ""fitness center"", ""on-site parking"", ""pool"", ""smoke-free hotel"", ""wi-fi""]",,,false,2025-12-24T13:02:47.735806
